{
	"code" : 200,
	"message" : "OK",
	"destinations" : [{
		"destination-id" : 2345678901,
		"destination-title" : "AA BB CC",
		"sort-order" : 1,
		"destination-photos" : ["http://", "http://", "http://", ..],
		"note-to-visitor" : "abc defg hijk lmnop",
		"location" : {
			"lat" : 123456.87,
			"lng" : 234567.89,
			"city" : {
				"city-id" : 2345678901,
				"name" : "FGFGQ",
				"description" : "xyz abc 123 lmnop"
			},
			"state" : {
				"state-id" : 3456789012,
				"name" : "BKR",
				"description" : "aijqyz bkr 123 lmnop"
			}
		},
		"attraction-places" : [{
			"place-id" : 1234567890,
			"title" : "ABC",
			"image" : ["http://", "http://"],
			"description" : "abc defg hijk lmn",
			"note-to-visitor" : "abc xyz bkr"
		},{
			"place-id" : 2345678901,
			.
			.
		}]
	},{
		"destination-id" : 3456789012,
		"destination-title" : "CBDC HYC",
		.
		.
	},..]
}